"Date";"Price"
08.09.2010;18.47
09.09.2010;18.79
10.09.2010;18.61
13.09.2010;18.67
14.09.2010;18.64
15.09.2010;18.57
16.09.2010;18.49
17.09.2010;18.41
20.09.2010;18.28
21.09.2010;18.25
22.09.2010;18.21
23.09.2010;18.36
24.09.2010;18.69
27.09.2010;18.49
28.09.2010;18.87
29.09.2010;19.22
30.09.2010;18.99
01.10.2010;18.98
04.10.2010;18.72
05.10.2010;18.82
06.10.2010;19.03
07.10.2010;18.82
08.10.2010;18.71
11.10.2010;18.71
12.10.2010;19.02
13.10.2010;18.92
14.10.2010;18.97
15.10.2010;19.01
18.10.2010;18.95
19.10.2010;18.69
20.10.2010;18.76
21.10.2010;18.77
22.10.2010;18.66
25.10.2010;18.75
26.10.2010;19.03
27.10.2010;19.11
28.10.2010;18.96
29.10.2010;18.61
01.11.2010;18.67
02.11.2010;18.72
03.11.2010;18.96
04.11.2010;18.76
05.11.2010;18.70
08.11.2010;18.45
09.11.2010;18.30
10.11.2010;18.51
11.11.2010;18.58
12.11.2010;18.72
15.11.2010;19.41
16.11.2010;19.55
17.11.2010;19.33
18.11.2010;19.42
19.11.2010;19.51
22.11.2010;20.50
23.11.2010;20.53
24.11.2010;20.91
25.11.2010;20.78
26.11.2010;20.90
29.11.2010;21.70
30.11.2010;21.40
01.12.2010;22.58
02.12.2010;22.74
03.12.2010;23.23
06.12.2010;23.92
07.12.2010;23.40
08.12.2010;24.07
09.12.2010;23.72
10.12.2010;23.63
13.12.2010;23.34
14.12.2010;22.70
15.12.2010;22.36
16.12.2010;22.91
17.12.2010;23.28
20.12.2010;23.57
21.12.2010;22.68
22.12.2010;22.89
23.12.2010;22.78
24.12.2010;22.92
29.12.2010;23.91
30.12.2010;24.31
31.12.2010;24.09
04.01.2011;22.84
05.01.2011;22.54
06.01.2011;22.87
07.01.2011;22.85
10.01.2011;22.44
11.01.2011;22.67
12.01.2011;22.92
13.01.2011;22.86
14.01.2011;22.32
17.01.2011;22.59
18.01.2011;22.65
19.01.2011;22.61
20.01.2011;22.64
21.01.2011;22.38
24.01.2011;22.14
25.01.2011;21.67
26.01.2011;21.50
27.01.2011;21.69
28.01.2011;21.31
31.01.2011;20.92
01.02.2011;21.13
02.02.2011;21.62
03.02.2011;22.09
04.02.2011;22.21
07.02.2011;21.91
08.02.2011;21.53
09.02.2011;21.27
10.02.2011;21.14
11.02.2011;21.60
14.02.2011;21.33
15.02.2011;21.48
16.02.2011;21.10
17.02.2011;21.27
18.02.2011;21.26
21.02.2011;21.59
22.02.2011;22.06
23.02.2011;22.01
24.02.2011;22.06
25.02.2011;21.77
28.02.2011;22.16
01.03.2011;22.27
02.03.2011;22.61
03.03.2011;22.82
04.03.2011;22.75
07.03.2011;23.59
08.03.2011;23.25
09.03.2011;23.30
10.03.2011;23.21
11.03.2011;23.61
14.03.2011;25.18
15.03.2011;25.47
16.03.2011;25.84
18.03.2011;24.62
21.03.2011;24.62
22.03.2011;24.23
23.03.2011;24.71
24.03.2011;24.68
25.03.2011;24.35
28.03.2011;24.28
29.03.2011;24.12
30.03.2011;23.66
31.03.2011;24.10
01.04.2011;24.92
04.04.2011;24.80
05.04.2011;24.49
06.04.2011;24.07
07.04.2011;23.58
08.04.2011;23.90
11.04.2011;23.89
12.04.2011;23.82
13.04.2011;23.53
14.04.2011;23.22
15.04.2011;23.09
18.04.2011;22.94
19.04.2011;22.90
20.04.2011;23.01
21.04.2011;22.80
26.04.2011;21.97
27.04.2011;22.20
28.04.2011;22.50
03.05.2011;22.36
04.05.2011;21.88
05.05.2011;21.94
06.05.2011;21.80
09.05.2011;22.61
10.05.2011;23.09
11.05.2011;23.39
12.05.2011;23.03
13.05.2011;22.97
16.05.2011;22.76
17.05.2011;23.08
18.05.2011;23.06
19.05.2011;22.99
20.05.2011;23.13
23.05.2011;23.23
24.05.2011;23.15
25.05.2011;23.19
26.05.2011;23.22
27.05.2011;23.32
31.05.2011;23.47
01.06.2011;23.34
02.06.2011;23.02
03.06.2011;23.08
06.06.2011;22.96
07.06.2011;22.97
08.06.2011;22.95
09.06.2011;22.98
10.06.2011;22.98
13.06.2011;23.26
14.06.2011;23.35
15.06.2011;23.09
16.06.2011;22.93
17.06.2011;22.87
20.06.2011;22.68
21.06.2011;22.73
22.06.2011;22.66
23.06.2011;22.51
24.06.2011;22.32
27.06.2011;21.98
28.06.2011;22.12
29.06.2011;22.19
30.06.2011;22.06
01.07.2011;21.87
04.07.2011;21.86
05.07.2011;22.02
06.07.2011;21.96
07.07.2011;22.17
08.07.2011;22.13
11.07.2011;21.79
12.07.2011;21.84
13.07.2011;21.87
14.07.2011;21.79
15.07.2011;21.79
18.07.2011;21.96
19.07.2011;21.85
20.07.2011;21.84
21.07.2011;21.88
22.07.2011;21.72
25.07.2011;21.53
26.07.2011;21.50
27.07.2011;21.25
28.07.2011;21.32
29.07.2011;21.06
01.08.2011;21.90
02.08.2011;21.78
03.08.2011;21.56
04.08.2011;21.52
05.08.2011;21.30
08.08.2011;21.55
09.08.2011;21.63
10.08.2011;21.77
11.08.2011;21.90
12.08.2011;21.90
15.08.2011;21.90
16.08.2011;21.78
17.08.2011;22.24
18.08.2011;22.28
19.08.2011;22.01
22.08.2011;22.25
23.08.2011;22.79
24.08.2011;23.05
25.08.2011;23.08
26.08.2011;23.34
30.08.2011;24.16
31.08.2011;24.43
01.09.2011;26.62
02.09.2011;26.35
05.09.2011;26.08
06.09.2011;26.59
07.09.2011;26.49
08.09.2011;26.86
09.09.2011;26.81
12.09.2011;26.40
13.09.2011;26.26
14.09.2011;25.62
15.09.2011;25.67
16.09.2011;25.26
19.09.2011;25.48
20.09.2011;25.59
21.09.2011;25.44
22.09.2011;24.83
23.09.2011;24.64
26.09.2011;23.98
27.09.2011;24.18
28.09.2011;24.63
29.09.2011;24.64
30.09.2011;23.32
03.10.2011;26.40
04.10.2011;26.73
05.10.2011;26.67
06.10.2011;26.41
07.10.2011;25.99
10.10.2011;25.78
11.10.2011;26.15
12.10.2011;26.42
13.10.2011;25.65
14.10.2011;25.63
17.10.2011;25.77
18.10.2011;25.37
19.10.2011;25.08
20.10.2011;24.99
21.10.2011;25.34
24.10.2011;25.33
25.10.2011;25.14
26.10.2011;24.66
27.10.2011;24.68
28.10.2011;24.58
31.10.2011;24.19
01.11.2011;25.58
02.11.2011;25.08
03.11.2011;25.19
04.11.2011;25.39
07.11.2011;25.83
08.11.2011;25.81
09.11.2011;25.13
10.11.2011;25.24
11.11.2011;24.70
14.11.2011;24.73
15.11.2011;24.77
16.11.2011;24.77
17.11.2011;24.64
18.11.2011;24.40
21.11.2011;24.43
22.11.2011;24.38
23.11.2011;24.29
24.11.2011;24.09
25.11.2011;23.92
28.11.2011;23.82
29.11.2011;23.53
30.11.2011;23.36
01.12.2011;23.36
02.12.2011;23.15
05.12.2011;22.96
06.12.2011;22.83
07.12.2011;23.01
08.12.2011;23.46
09.12.2011;23.78
12.12.2011;23.57
13.12.2011;23.81
14.12.2011;23.51
15.12.2011;23.29
16.12.2011;23.15
19.12.2011;22.88
20.12.2011;23.26
21.12.2011;23.01
22.12.2011;23.11
23.12.2011;22.93
28.12.2011;22.58
29.12.2011;22.05
30.12.2011;21.96
03.01.2012;21.59
04.01.2012;21.76
05.01.2012;21.89
06.01.2012;21.82
09.01.2012;22.28
10.01.2012;22.54
11.01.2012;22.57
12.01.2012;22.35
13.01.2012;22.19
16.01.2012;21.58
17.01.2012;21.20
18.01.2012;21.28
19.01.2012;21.18
20.01.2012;21.74
23.01.2012;21.84
24.01.2012;21.84
25.01.2012;22.28
26.01.2012;21.90
27.01.2012;22.58
30.01.2012;24.07
31.01.2012;23.36
01.02.2012;23.47
02.02.2012;24.30
03.02.2012;24.31
06.02.2012;24.51
07.02.2012;24.65
08.02.2012;24.38
09.02.2012;23.89
10.02.2012;23.63
13.02.2012;22.82
14.02.2012;22.68
15.02.2012;23.31
16.02.2012;23.46
17.02.2012;23.60
20.02.2012;23.39
21.02.2012;23.46
22.02.2012;23.95
23.02.2012;23.98
24.02.2012;24.01
27.02.2012;24.81
28.02.2012;24.59
29.02.2012;24.26
01.03.2012;24.27
02.03.2012;24.03
05.03.2012;23.66
06.03.2012;23.56
07.03.2012;23.81
08.03.2012;24.42
09.03.2012;24.71
12.03.2012;24.28
13.03.2012;24.13
14.03.2012;24.93
15.03.2012;24.73
16.03.2012;24.79
19.03.2012;25.35
20.03.2012;25.34
21.03.2012;24.94
22.03.2012;24.53
23.03.2012;24.17
26.03.2012;24.24
27.03.2012;24.45
28.03.2012;24.86
29.03.2012;25.01
30.03.2012;24.76
02.04.2012;24.81
03.04.2012;24.71
04.04.2012;24.52
05.04.2012;24.61
10.04.2012;24.48
11.04.2012;24.43
12.04.2012;24.81
13.04.2012;24.85
16.04.2012;24.64
17.04.2012;24.41
18.04.2012;24.48
19.04.2012;24.30
20.04.2012;24.52
23.04.2012;24.55
24.04.2012;24.14
25.04.2012;24.08
26.04.2012;23.97
27.04.2012;24.27
30.04.2012;24.27
01.05.2012;25.29
02.05.2012;25.15
03.05.2012;24.75
04.05.2012;24.83
08.05.2012;24.47
09.05.2012;24.80
10.05.2012;24.91
11.05.2012;24.61
14.05.2012;24.40
15.05.2012;24.52
16.05.2012;24.24
17.05.2012;23.96
18.05.2012;23.55
21.05.2012;23.39
22.05.2012;23.40
23.05.2012;23.43
24.05.2012;23.23
25.05.2012;23.36
28.05.2012;23.88
29.05.2012;23.99
30.05.2012;23.48
31.05.2012;23.61
01.06.2012;23.28
06.06.2012;23.67
07.06.2012;23.72
08.06.2012;23.57
11.06.2012;23.69
12.06.2012;23.62
13.06.2012;23.48
14.06.2012;23.30
15.06.2012;23.40
18.06.2012;23.44
19.06.2012;23.19
20.06.2012;23.24
21.06.2012;23.32
22.06.2012;23.52
25.06.2012;23.41
26.06.2012;23.65
27.06.2012;23.85
28.06.2012;23.80
29.06.2012;23.88
02.07.2012;24.04
03.07.2012;24.40
04.07.2012;24.47
05.07.2012;24.73
06.07.2012;24.77
09.07.2012;25.01
10.07.2012;24.32
11.07.2012;24.17
12.07.2012;24.08
13.07.2012;24.29
16.07.2012;23.96
17.07.2012;24.12
18.07.2012;23.81
19.07.2012;23.75
20.07.2012;23.93
23.07.2012;23.68
24.07.2012;23.77
25.07.2012;23.86
26.07.2012;23.90
27.07.2012;23.85
30.07.2012;23.79
31.07.2012;23.73
01.08.2012;24.17
02.08.2012;23.97
03.08.2012;23.91
06.08.2012;23.70
07.08.2012;23.94
08.08.2012;24.28
09.08.2012;24.59
10.08.2012;24.69
13.08.2012;24.97
14.08.2012;24.99
15.08.2012;24.70
16.08.2012;24.54
17.08.2012;24.69
20.08.2012;25.15
21.08.2012;25.18
22.08.2012;25.04
23.08.2012;25.18
24.08.2012;24.92
28.08.2012;24.81
29.08.2012;24.62
30.08.2012;24.87
31.08.2012;24.99
03.09.2012;26.08
04.09.2012;25.94
05.09.2012;25.82
06.09.2012;26.02
07.09.2012;25.75
10.09.2012;25.45
11.09.2012;25.25
12.09.2012;25.33
13.09.2012;25.60
14.09.2012;25.68
17.09.2012;25.57
18.09.2012;25.31
19.09.2012;25.24
20.09.2012;25.26
21.09.2012;25.66
24.09.2012;25.28
25.09.2012;25.48
26.09.2012;25.43
27.09.2012;25.53
28.09.2012;25.61
01.10.2012;26.34
02.10.2012;26.41
03.10.2012;26.40
04.10.2012;26.35
05.10.2012;26.57
08.10.2012;26.77
09.10.2012;26.81
10.10.2012;26.81
11.10.2012;26.58
12.10.2012;26.41
15.10.2012;26.27
16.10.2012;26.45
17.10.2012;26.59
18.10.2012;26.87
19.10.2012;27.28
22.10.2012;27.55
23.10.2012;27.55
24.10.2012;27.53
25.10.2012;27.19
26.10.2012;27.71
29.10.2012;27.69
30.10.2012;27.76
31.10.2012;27.29
01.11.2012;27.27
02.11.2012;27.18
05.11.2012;26.92
06.11.2012;27.08
07.11.2012;27.22
08.11.2012;27.12
09.11.2012;27.17
12.11.2012;27.32
13.11.2012;27.28
14.11.2012;27.18
15.11.2012;27.41
16.11.2012;27.53
19.11.2012;27.64
20.11.2012;27.50
21.11.2012;27.64
22.11.2012;27.70
23.11.2012;27.79
26.11.2012;27.42
27.11.2012;27.45
28.11.2012;27.41
29.11.2012;27.34
30.11.2012;27.52
03.12.2012;27.90
04.12.2012;28.10
05.12.2012;28.54
06.12.2012;28.20
07.12.2012;28.20
10.12.2012;27.72
11.12.2012;27.55
12.12.2012;27.53
13.12.2012;27.35
14.12.2012;27.46
17.12.2012;27.30
18.12.2012;27.35
19.12.2012;27.47
20.12.2012;27.33
21.12.2012;27.20
24.12.2012;26.61
27.12.2012;26.43
28.12.2012;26.42
31.12.2012;26.35
02.01.2013;26.59
03.01.2013;26.86
04.01.2013;27.20
07.01.2013;27.72
08.01.2013;27.47
09.01.2013;27.67
10.01.2013;27.30
11.01.2013;27.16
14.01.2013;26.85
15.01.2013;26.59
16.01.2013;26.98
17.01.2013;27.15
18.01.2013;26.62
21.01.2013;26.08
22.01.2013;26.21
23.01.2013;26.28
24.01.2013;25.93
25.01.2013;25.91
28.01.2013;26.06
29.01.2013;25.79
30.01.2013;25.71
31.01.2013;25.60
01.02.2013;25.78
04.02.2013;26.01
05.02.2013;25.88
06.02.2013;25.67
07.02.2013;25.66
08.02.2013;26.04
11.02.2013;25.67
12.02.2013;25.77
13.02.2013;25.72
14.02.2013;25.87
15.02.2013;25.71
18.02.2013;25.58
19.02.2013;25.51
20.02.2013;25.29
21.02.2013;25.49
22.02.2013;25.81
25.02.2013;25.70
26.02.2013;25.89
27.02.2013;25.87
28.02.2013;26.21
01.03.2013;26.04
04.03.2013;26.33
05.03.2013;26.51
06.03.2013;26.41
07.03.2013;26.48
08.03.2013;26.29
11.03.2013;26.47
12.03.2013;26.55
13.03.2013;26.55
14.03.2013;26.23
15.03.2013;26.15
18.03.2013;26.41
19.03.2013;26.67
20.03.2013;26.90
21.03.2013;26.94
22.03.2013;27.10
25.03.2013;27.79
26.03.2013;28.71
27.03.2013;28.53
28.03.2013;28.93
02.04.2013;26.90
03.04.2013;27.12
04.04.2013;27.24
05.04.2013;27.39
08.04.2013;27.05
09.04.2013;26.96
10.04.2013;27.07
11.04.2013;27.22
12.04.2013;27.30
15.04.2013;27.19
16.04.2013;27.12
17.04.2013;26.91
18.04.2013;26.72
19.04.2013;26.65
22.04.2013;26.34
23.04.2013;26.28
24.04.2013;26.51
25.04.2013;26.62
26.04.2013;26.48
29.04.2013;26.42
30.04.2013;26.38
01.05.2013;26.35
02.05.2013;26.28
03.05.2013;26.40
07.05.2013;26.59
08.05.2013;26.40
09.05.2013;26.38
10.05.2013;26.18
13.05.2013;26.24
14.05.2013;26.24
15.05.2013;26.38
16.05.2013;26.50
17.05.2013;26.57
20.05.2013;26.76
21.05.2013;26.83
22.05.2013;26.71
23.05.2013;26.72
24.05.2013;26.59
28.05.2013;26.43
29.05.2013;26.55
30.05.2013;26.45
31.05.2013;26.66
03.06.2013;26.12
04.06.2013;26.06
05.06.2013;26.11
06.06.2013;25.97
07.06.2013;25.94
10.06.2013;25.86
11.06.2013;25.86
12.06.2013;26.01
13.06.2013;26.06
14.06.2013;26.11
17.06.2013;26.39
18.06.2013;25.97
19.06.2013;25.99
20.06.2013;25.95
21.06.2013;25.85
24.06.2013;25.87
25.06.2013;25.94
26.06.2013;25.97
27.06.2013;25.94
28.06.2013;25.93
01.07.2013;26.25
02.07.2013;26.29
03.07.2013;26.38
04.07.2013;26.22
05.07.2013;26.14
08.07.2013;26.16
09.07.2013;26.15
10.07.2013;26.29
11.07.2013;26.27
12.07.2013;26.17
15.07.2013;26.08
16.07.2013;26.03
17.07.2013;26.05
18.07.2013;26.15
19.07.2013;26.14
22.07.2013;26.13
23.07.2013;26.19
24.07.2013;26.15
25.07.2013;26.16
26.07.2013;26.12
29.07.2013;26.14
30.07.2013;26.05
31.07.2013;26.06
01.08.2013;25.94
02.08.2013;25.71
05.08.2013;25.75
06.08.2013;25.81
07.08.2013;25.91
08.08.2013;25.92
09.08.2013;25.88
12.08.2013;25.64
13.08.2013;25.60
14.08.2013;25.78
15.08.2013;25.81
16.08.2013;25.65
19.08.2013;25.61
20.08.2013;25.56
21.08.2013;25.60
22.08.2013;25.68
23.08.2013;25.56
27.08.2013;25.43
28.08.2013;25.51
29.08.2013;25.57
30.08.2013;25.53
02.09.2013;26.31
03.09.2013;26.37
04.09.2013;26.34
05.09.2013;26.44
06.09.2013;26.57
09.09.2013;26.66
10.09.2013;26.63
11.09.2013;26.75
12.09.2013;26.97
13.09.2013;26.86
16.09.2013;26.82
17.09.2013;26.52
18.09.2013;26.56
19.09.2013;26.58
20.09.2013;26.62
23.09.2013;26.46
24.09.2013;26.32
25.09.2013;26.30
26.09.2013;26.40
27.09.2013;26.53
30.09.2013;26.39
01.10.2013;27.10
02.10.2013;27.01
03.10.2013;26.87
04.10.2013;26.97
07.10.2013;27.24
08.10.2013;27.21
09.10.2013;27.31
10.10.2013;27.17
11.10.2013;27.10
14.10.2013;27.12
15.10.2013;27.16
16.10.2013;27.03
17.10.2013;26.97
18.10.2013;26.98
21.10.2013;26.96
22.10.2013;26.87
23.10.2013;26.94
25.10.2013;26.82
28.10.2013;26.69
29.10.2013;26.57
30.10.2013;26.49
31.10.2013;26.34
01.11.2013;26.98
04.11.2013;27.23
05.11.2013;27.42
06.11.2013;27.42
07.11.2013;27.27
08.11.2013;27.35
11.11.2013;27.62
12.11.2013;27.71
13.11.2013;27.73
14.11.2013;27.91
15.11.2013;28.22
18.11.2013;28.24
19.11.2013;28.07
20.11.2013;27.76
21.11.2013;27.77
22.11.2013;27.77
25.11.2013;27.70
26.11.2013;27.80
27.11.2013;27.91
28.11.2013;28.22
29.11.2013;28.19
02.12.2013;28.50
03.12.2013;29.08
04.12.2013;28.79
05.12.2013;28.58
06.12.2013;28.32
09.12.2013;28.01
10.12.2013;27.95
11.12.2013;27.85
12.12.2013;27.66
13.12.2013;27.70
16.12.2013;27.78
17.12.2013;27.73
18.12.2013;27.83
19.12.2013;27.81
20.12.2013;27.89
23.12.2013;27.67
24.12.2013;27.79
27.12.2013;27.70
30.12.2013;27.34
31.12.2013;27.11
02.01.2014;27.38
03.01.2014;27.30
06.01.2014;27.43
07.01.2014;27.29
08.01.2014;27.58
09.01.2014;27.38
10.01.2014;27.03
13.01.2014;26.49
14.01.2014;26.53
15.01.2014;26.65
16.01.2014;26.69
17.01.2014;26.50
20.01.2014;26.59
21.01.2014;26.70
22.01.2014;26.59
23.01.2014;26.56
24.01.2014;26.74
27.01.2014;26.01
28.01.2014;25.98
29.01.2014;25.74
30.01.2014;25.51
31.01.2014;25.13
03.02.2014;24.75
04.02.2014;24.61
05.02.2014;24.49
06.02.2014;24.85
07.02.2014;24.91
10.02.2014;24.70
11.02.2014;24.65
12.02.2014;24.94
13.02.2014;24.35
14.02.2014;24.15
17.02.2014;24.21
18.02.2014;24.16
19.02.2014;24.01
20.02.2014;23.90
21.02.2014;23.64
24.02.2014;23.11
25.02.2014;22.99
26.02.2014;23.01
27.02.2014;23.31
28.02.2014;22.88
03.03.2014;25.43
04.03.2014;23.88
05.03.2014;23.80
06.03.2014;24.10
07.03.2014;24.25
10.03.2014;23.76
11.03.2014;23.55
12.03.2014;23.61
13.03.2014;23.76
14.03.2014;23.99
17.03.2014;23.64
18.03.2014;23.44
19.03.2014;23.01
20.03.2014;22.93
21.03.2014;22.73
24.03.2014;22.34
25.03.2014;22.23
26.03.2014;22.30
27.03.2014;22.08
28.03.2014;21.73
31.03.2014;21.19
01.04.2014;20.79
02.04.2014;20.20
03.04.2014;20.09
04.04.2014;20.18
07.04.2014;21.13
08.04.2014;20.86
09.04.2014;21.14
10.04.2014;21.19
11.04.2014;21.44
14.04.2014;21.98
15.04.2014;21.75
16.04.2014;21.75
17.04.2014;20.95
22.04.2014;20.40
23.04.2014;20.20
24.04.2014;20.20
25.04.2014;20.19
28.04.2014;19.93
29.04.2014;19.69
30.04.2014;19.21
01.05.2014;19.63
02.05.2014;20.23
06.05.2014;19.55
07.05.2014;19.28
08.05.2014;19.79
09.05.2014;19.88
12.05.2014;19.95
13.05.2014;19.89
14.05.2014;19.69
15.05.2014;19.59
16.05.2014;19.48
19.05.2014;19.40
20.05.2014;19.43
21.05.2014;19.60
22.05.2014;19.61
23.05.2014;19.68
27.05.2014;19.33
28.05.2014;19.00
29.05.2014;18.85
30.05.2014;18.90
02.06.2014;18.49
03.06.2014;18.35
04.06.2014;17.73
05.06.2014;17.53
06.06.2014;17.09
09.06.2014;17.30
10.06.2014;17.34
11.06.2014;17.45
12.06.2014;17.48
13.06.2014;18.26
16.06.2014;18.45
17.06.2014;17.88
18.06.2014;17.58
19.06.2014;17.51
20.06.2014;17.59
23.06.2014;17.35
24.06.2014;17.48
25.06.2014;17.46
26.06.2014;17.33
27.06.2014;17.33
30.06.2014;16.75
01.07.2014;17.01
02.07.2014;16.86
03.07.2014;16.41
04.07.2014;16.05
07.07.2014;15.53
08.07.2014;15.91
09.07.2014;15.65
10.07.2014;15.45
11.07.2014;15.45
14.07.2014;16.15
15.07.2014;16.15
16.07.2014;16.20
17.07.2014;17.10
18.07.2014;16.60
21.07.2014;16.41
22.07.2014;16.46
23.07.2014;16.75
24.07.2014;17.20
25.07.2014;18.35
28.07.2014;18.90
29.07.2014;18.19
30.07.2014;17.55
31.07.2014;17.50
01.08.2014;17.80
04.08.2014;17.48
05.08.2014;17.80
06.08.2014;18.05
07.08.2014;18.35
08.08.2014;18.23
11.08.2014;18.08
12.08.2014;17.96
13.08.2014;18.05
14.08.2014;18.43
15.08.2014;19.13
18.08.2014;18.25
19.08.2014;18.06
20.08.2014;17.46
21.08.2014;17.39
22.08.2014;18.05
26.08.2014;18.03
27.08.2014;18.23
28.08.2014;19.00
29.08.2014;19.73
01.09.2014;22.85
02.09.2014;22.16
03.09.2014;21.88
04.09.2014;22.20
05.09.2014;21.91
08.09.2014;21.79
09.09.2014;21.33
10.09.2014;21.49
11.09.2014;21.60
12.09.2014;21.54
15.09.2014;22.20
16.09.2014;22.04
17.09.2014;22.05
18.09.2014;22.35
19.09.2014;22.24
22.09.2014;22.13
23.09.2014;21.64
24.09.2014;21.99
25.09.2014;22.39
26.09.2014;21.85
29.09.2014;22.25
30.09.2014;22.10
01.10.2014;24.45
02.10.2014;24.04
03.10.2014;23.60
06.10.2014;23.48
07.10.2014;23.30
08.10.2014;23.69
09.10.2014;23.53
10.10.2014;23.23
13.10.2014;22.81
14.10.2014;22.80
15.10.2014;22.71
16.10.2014;23.00
17.10.2014;22.74
20.10.2014;22.58
21.10.2014;22.59
22.10.2014;22.95
23.10.2014;22.69
24.10.2014;22.55
27.10.2014;22.45
28.10.2014;22.73
29.10.2014;22.88
30.10.2014;22.49
31.10.2014;21.61
03.11.2014;23.24
04.11.2014;22.95
05.11.2014;22.95
06.11.2014;22.90
07.11.2014;23.36
10.11.2014;23.33
11.11.2014;23.05
12.11.2014;22.98
13.11.2014;22.63
14.11.2014;22.40
17.11.2014;22.91
18.11.2014;22.95
19.11.2014;22.91
20.11.2014;23.19
21.11.2014;23.44
24.11.2014;23.89
25.11.2014;24.88
26.11.2014;24.73
27.11.2014;24.26
28.11.2014;24.10
01.12.2014;24.13
02.12.2014;23.76
03.12.2014;23.69
04.12.2014;23.49
05.12.2014;23.43
08.12.2014;23.10
09.12.2014;23.33
10.12.2014;23.05
11.12.2014;22.90
12.12.2014;22.88
15.12.2014;22.38
16.12.2014;22.65
17.12.2014;22.50
18.12.2014;22.70
19.12.2014;22.48
22.12.2014;22.20
23.12.2014;22.45
24.12.2014;22.69
29.12.2014;21.65
30.12.2014;21.30
31.12.2014;21.06
02.01.2015;20.48
05.01.2015;20.28
06.01.2015;19.60
07.01.2015;19.70
08.01.2015;19.58
09.01.2015;19.59
12.01.2015;20.00
13.01.2015;20.45
14.01.2015;20.55
15.01.2015;20.25
16.01.2015;19.81
19.01.2015;19.28
20.01.2015;19.48
21.01.2015;19.55
22.01.2015;19.63
23.01.2015;19.55
26.01.2015;19.80
27.01.2015;19.99
28.01.2015;20.28
29.01.2015;20.70
30.01.2015;20.39
02.02.2015;20.40
03.02.2015;20.28
04.02.2015;20.54
05.02.2015;21.50
06.02.2015;21.25
09.02.2015;21.85
10.02.2015;22.08
11.02.2015;23.09
12.02.2015;24.29
13.02.2015;23.56
16.02.2015;22.84
17.02.2015;22.63
18.02.2015;22.69
19.02.2015;21.90
20.02.2015;22.25
23.02.2015;21.91
24.02.2015;22.45
25.02.2015;23.33
26.02.2015;23.73
27.02.2015;23.54
02.03.2015;22.40
03.03.2015;22.01
04.03.2015;22.20
05.03.2015;21.28
06.03.2015;21.23
09.03.2015;21.71
10.03.2015;21.76
11.03.2015;22.15
12.03.2015;21.80
13.03.2015;21.65
16.03.2015;21.43
17.03.2015;21.30
18.03.2015;21.44
19.03.2015;21.33
20.03.2015;21.15
23.03.2015;21.03
24.03.2015;21.24
25.03.2015;21.18
26.03.2015;21.93
27.03.2015;21.86
30.03.2015;21.85
31.03.2015;21.94
01.04.2015;22.10
02.04.2015;21.83
07.04.2015;21.56
08.04.2015;21.74
09.04.2015;21.95
10.04.2015;21.81
13.04.2015;22.11
14.04.2015;21.65
15.04.2015;21.88
16.04.2015;21.59
17.04.2015;21.16
20.04.2015;21.28
21.04.2015;21.45
22.04.2015;21.31
23.04.2015;21.03
24.04.2015;21.24
27.04.2015;21.05
28.04.2015;21.00
29.04.2015;21.04
30.04.2015;20.73
01.05.2015;20.10
05.05.2015;20.45
06.05.2015;20.43
07.05.2015;20.19
08.05.2015;20.34
11.05.2015;21.06
12.05.2015;20.89
13.05.2015;20.71
14.05.2015;20.59
15.05.2015;20.54
18.05.2015;20.39
19.05.2015;20.46
20.05.2015;20.55
21.05.2015;20.51
22.05.2015;20.45
26.05.2015;20.59
27.05.2015;20.60
28.05.2015;20.70
29.05.2015;20.51
01.06.2015;20.26
02.06.2015;20.25
03.06.2015;20.24
04.06.2015;20.09
05.06.2015;20.24
08.06.2015;20.43
09.06.2015;20.46
10.06.2015;20.45
11.06.2015;20.15
12.06.2015;20.13
15.06.2015;20.14
16.06.2015;20.26
17.06.2015;20.16
18.06.2015;20.20
19.06.2015;20.39
22.06.2015;20.70
23.06.2015;20.75
24.06.2015;20.66
25.06.2015;20.61
26.06.2015;20.55
29.06.2015;20.48
30.06.2015;20.73
01.07.2015;20.79
02.07.2015;20.96
03.07.2015;20.91
06.07.2015;20.78
07.07.2015;20.69
08.07.2015;20.60
09.07.2015;20.83
10.07.2015;20.94
13.07.2015;21.04
14.07.2015;20.93
15.07.2015;21.04
16.07.2015;21.10
17.07.2015;21.05
20.07.2015;21.06
21.07.2015;20.93
22.07.2015;20.75
23.07.2015;20.61
24.07.2015;20.56
27.07.2015;20.60
28.07.2015;20.81
29.07.2015;20.81
30.07.2015;20.99
31.07.2015;20.63
03.08.2015;20.40
04.08.2015;20.30
05.08.2015;20.29
06.08.2015;20.34
07.08.2015;20.09
10.08.2015;20.06
11.08.2015;20.06
12.08.2015;19.64
13.08.2015;19.54
14.08.2015;19.51
17.08.2015;19.36
18.08.2015;19.49
19.08.2015;19.28
20.08.2015;19.08
21.08.2015;18.96
24.08.2015;18.41
25.08.2015;18.80
26.08.2015;18.71
27.08.2015;19.04
28.08.2015;19.33
01.09.2015;19.51
02.09.2015;19.64
03.09.2015;19.75
04.09.2015;19.51
07.09.2015;19.40
08.09.2015;19.43
09.09.2015;19.41
10.09.2015;19.41
11.09.2015;19.36
14.09.2015;19.20
15.09.2015;19.11
16.09.2015;19.31
17.09.2015;19.13
18.09.2015;19.00
21.09.2015;18.90
22.09.2015;18.96
23.09.2015;18.90
24.09.2015;18.69
25.09.2015;18.86
28.09.2015;18.55
29.09.2015;18.54
30.09.2015;18.51
01.10.2015;18.46
02.10.2015;18.28
05.10.2015;18.51
06.10.2015;19.00
07.10.2015;18.76
08.10.2015;18.95
09.10.2015;18.78
12.10.2015;18.51
13.10.2015;18.24
14.10.2015;18.14
15.10.2015;18.24
16.10.2015;18.29
19.10.2015;18.49
20.10.2015;18.23
21.10.2015;18.20
22.10.2015;18.26
23.10.2015;18.39
26.10.2015;18.14
27.10.2015;18.18
28.10.2015;18.25
29.10.2015;18.26
30.10.2015;17.91
02.11.2015;17.95
03.11.2015;17.96
04.11.2015;18.03
05.11.2015;17.85
06.11.2015;17.93
09.11.2015;17.55
10.11.2015;17.39
11.11.2015;17.15
12.11.2015;16.94
13.11.2015;17.04
16.11.2015;17.35
17.11.2015;17.89
18.11.2015;17.45
19.11.2015;17.61
20.11.2015;17.31
23.11.2015;17.33
24.11.2015;17.48
25.11.2015;17.66
26.11.2015;17.71
27.11.2015;17.69
30.11.2015;18.03
01.12.2015;18.23
02.12.2015;17.84
03.12.2015;17.48
04.12.2015;17.54
07.12.2015;16.95
08.12.2015;16.88
09.12.2015;16.64
10.12.2015;16.58
11.12.2015;16.30
14.12.2015;15.94
15.12.2015;16.11
16.12.2015;15.69
17.12.2015;15.79
18.12.2015;15.45
21.12.2015;15.20
22.12.2015;15.04
23.12.2015;14.61
24.12.2015;14.56
29.12.2015;15.54
30.12.2015;14.98
31.12.2015;14.55
04.01.2016;14.66
05.01.2016;14.91
06.01.2016;15.26
07.01.2016;15.63
08.01.2016;14.74
11.01.2016;14.68
12.01.2016;14.06
13.01.2016;14.31
14.01.2016;13.86
15.01.2016;13.41
18.01.2016;13.51
19.01.2016;13.36
20.01.2016;12.84
21.01.2016;12.74
22.01.2016;13.60
25.01.2016;12.83
26.01.2016;13.10
27.01.2016;13.44
28.01.2016;13.79
29.01.2016;13.34
01.02.2016;12.95
02.02.2016;12.95
03.02.2016;12.94
04.02.2016;12.49
05.02.2016;12.34
08.02.2016;12.31
09.02.2016;12.14
10.02.2016;12.08
11.02.2016;11.91
12.02.2016;12.14
15.02.2016;11.99
16.02.2016;11.85
17.02.2016;11.98
18.02.2016;12.18
19.02.2016;12.15
22.02.2016;12.55
23.02.2016;12.41
24.02.2016;12.15
25.02.2016;12.01
26.02.2016;12.29
29.02.2016;12.49
01.03.2016;12.31
02.03.2016;12.29
03.03.2016;12.14
04.03.2016;11.94
07.03.2016;11.94
08.03.2016;12.04
09.03.2016;12.16
10.03.2016;11.94
11.03.2016;12.14
14.03.2016;12.09
15.03.2016;12.11
16.03.2016;12.06
17.03.2016;12.18
18.03.2016;12.18
21.03.2016;12.01
22.03.2016;12.03
23.03.2016;12.08
24.03.2016;12.15
29.03.2016;12.14
30.03.2016;12.16
31.03.2016;12.16
01.04.2016;11.64
04.04.2016;11.39
05.04.2016;11.39
06.04.2016;11.44
07.04.2016;11.21
08.04.2016;11.31
11.04.2016;11.31
12.04.2016;11.36
13.04.2016;11.38
14.04.2016;11.29
15.04.2016;11.31
18.04.2016;11.49
19.04.2016;11.76
20.04.2016;12.00
21.04.2016;12.61
22.04.2016;13.09
25.04.2016;12.99
26.04.2016;14.03
27.04.2016;14.03
28.04.2016;12.74
29.04.2016;12.54
03.05.2016;12.29
04.05.2016;12.44
05.05.2016;12.84
06.05.2016;13.01
09.05.2016;13.08
10.05.2016;13.09
11.05.2016;13.19
12.05.2016;12.99
13.05.2016;12.94
16.05.2016;13.19
17.05.2016;13.23
18.05.2016;13.24
19.05.2016;13.09
20.05.2016;13.16
23.05.2016;13.01
24.05.2016;13.06
25.05.2016;13.35
26.05.2016;13.64
27.05.2016;14.03
31.05.2016;14.34
01.06.2016;14.19
02.06.2016;14.55
03.06.2016;14.21
06.06.2016;14.56
07.06.2016;14.79
08.06.2016;14.46
09.06.2016;14.24
10.06.2016;14.04
13.06.2016;13.99
14.06.2016;14.21
15.06.2016;14.24
16.06.2016;14.39
17.06.2016;14.54
20.06.2016;15.31
21.06.2016;14.89
22.06.2016;15.35
23.06.2016;15.30
24.06.2016;14.78
27.06.2016;14.30
28.06.2016;14.25
29.06.2016;14.56
30.06.2016;14.08
01.07.2016;14.39
04.07.2016;14.61
05.07.2016;14.26
06.07.2016;14.25
07.07.2016;14.43
08.07.2016;14.25
11.07.2016;14.16
12.07.2016;14.41
13.07.2016;14.30
14.07.2016;14.41
15.07.2016;14.24
18.07.2016;14.41
19.07.2016;14.45
20.07.2016;14.76
21.07.2016;15.06
22.07.2016;14.89
25.07.2016;14.91
26.07.2016;14.70
27.07.2016;14.53
28.07.2016;14.23
29.07.2016;13.93
01.08.2016;14.09
02.08.2016;13.89
03.08.2016;13.81
04.08.2016;13.80
05.08.2016;13.31
08.08.2016;13.06
09.08.2016;12.95
10.08.2016;12.95
11.08.2016;12.86
12.08.2016;12.30
15.08.2016;11.73
16.08.2016;12.05
17.08.2016;12.13
18.08.2016;11.83
19.08.2016;10.75
22.08.2016;11.35
23.08.2016;11.73
24.08.2016;11.14
25.08.2016;11.16
26.08.2016;11.64
30.08.2016;11.56
31.08.2016;11.53
01.09.2016;12.65
02.09.2016;12.81
05.09.2016;12.60
06.09.2016;12.54
07.09.2016;12.10
08.09.2016;12.11
09.09.2016;11.98
12.09.2016;11.89
13.09.2016;12.16
14.09.2016;12.09
15.09.2016;12.63
16.09.2016;12.76
19.09.2016;13.54
20.09.2016;13.09
21.09.2016;13.43
22.09.2016;13.65
23.09.2016;14.06
26.09.2016;13.88
27.09.2016;13.33
28.09.2016;13.98
29.09.2016;14.14
30.09.2016;13.64
03.10.2016;15.55
04.10.2016;16.10
05.10.2016;16.15
06.10.2016;16.61
07.10.2016;16.15
10.10.2016;15.95
11.10.2016;15.54
12.10.2016;15.51
13.10.2016;15.95
14.10.2016;16.21
17.10.2016;16.41
18.10.2016;16.83
19.10.2016;16.79
20.10.2016;17.00
21.10.2016;16.91
24.10.2016;17.39
25.10.2016;17.63
26.10.2016;17.21
27.10.2016;17.46
28.10.2016;17.41
31.10.2016;17.93
01.11.2016;18.56
02.11.2016;19.05
03.11.2016;18.81
04.11.2016;18.28
07.11.2016;17.94
08.11.2016;17.78
09.11.2016;18.03
10.11.2016;18.20
11.11.2016;18.14
14.11.2016;17.69
15.11.2016;17.96
16.11.2016;17.69
17.11.2016;17.76
18.11.2016;18.01
21.11.2016;17.50
22.11.2016;17.69
23.11.2016;17.79
24.11.2016;17.86
25.11.2016;17.76
28.11.2016;18.11
29.11.2016;18.14
30.11.2016;18.33
01.12.2016;18.09
02.12.2016;17.63
05.12.2016;16.88
06.12.2016;16.36
07.12.2016;16.31
08.12.2016;16.51
09.12.2016;16.56
12.12.2016;17.04
13.12.2016;17.28
14.12.2016;17.14
15.12.2016;17.16
16.12.2016;17.55
19.12.2016;17.44
20.12.2016;17.58
21.12.2016;17.78
22.12.2016;18.28
23.12.2016;18.23
28.12.2016;18.81
29.12.2016;19.05
30.12.2016;19.55
03.01.2017;18.31
04.01.2017;18.96
05.01.2017;18.86
06.01.2017;18.66
09.01.2017;19.29
10.01.2017;20.01
11.01.2017;20.61
12.01.2017;20.28
13.01.2017;20.09
16.01.2017;19.09
17.01.2017;19.74
18.01.2017;19.83
19.01.2017;19.93
20.01.2017;20.69
23.01.2017;21.28
24.01.2017;20.74
25.01.2017;20.01
26.01.2017;20.00
27.01.2017;19.64
30.01.2017;20.59
31.01.2017;21.23
01.02.2017;21.75
02.02.2017;21.95
03.02.2017;22.30
06.02.2017;22.04
07.02.2017;21.44
08.02.2017;20.31
09.02.2017;20.26
10.02.2017;19.81
13.02.2017;19.08
14.02.2017;18.83
15.02.2017;18.96
16.02.2017;19.08
17.02.2017;18.59
20.02.2017;18.56
21.02.2017;18.18
22.02.2017;18.11
23.02.2017;18.40
24.02.2017;17.81
27.02.2017;17.35
28.02.2017;16.99
01.03.2017;17.30
02.03.2017;16.86
03.03.2017;16.89
06.03.2017;16.81
07.03.2017;16.59
08.03.2017;16.36
09.03.2017;16.26
10.03.2017;16.21
13.03.2017;15.96
14.03.2017;16.04
15.03.2017;16.20
16.03.2017;16.08
17.03.2017;16.05
20.03.2017;15.86
21.03.2017;15.69
22.03.2017;15.73
23.03.2017;15.64
24.03.2017;15.31
27.03.2017;14.99
28.03.2017;15.21
29.03.2017;15.80
30.03.2017;15.99
31.03.2017;15.69
03.04.2017;16.11
04.04.2017;16.16
05.04.2017;16.24
06.04.2017;16.13
07.04.2017;15.79
10.04.2017;15.64
11.04.2017;15.64
12.04.2017;15.69
13.04.2017;15.76
18.04.2017;16.28
19.04.2017;16.20
20.04.2017;16.15
21.04.2017;16.39
24.04.2017;16.20
25.04.2017;15.88
26.04.2017;16.19
27.04.2017;16.08
28.04.2017;16.34
02.05.2017;16.48
03.05.2017;16.34
04.05.2017;15.90
05.05.2017;15.84
08.05.2017;15.50
09.05.2017;15.56
10.05.2017;15.65
11.05.2017;15.35
12.05.2017;15.44
15.05.2017;15.55
16.05.2017;15.46
17.05.2017;15.65
18.05.2017;15.84
19.05.2017;15.59
22.05.2017;15.59
23.05.2017;15.74
24.05.2017;15.61
25.05.2017;15.48
26.05.2017;15.49
30.05.2017;15.73
31.05.2017;15.36
01.06.2017;15.20
02.06.2017;15.00
05.06.2017;15.19
06.06.2017;14.93
07.06.2017;15.04
08.06.2017;15.50
09.06.2017;15.10
12.06.2017;14.85
13.06.2017;14.76
14.06.2017;14.79
15.06.2017;14.66
16.06.2017;14.69
19.06.2017;14.86
20.06.2017;14.94
21.06.2017;14.79
22.06.2017;14.74
23.06.2017;14.74
26.06.2017;14.91
27.06.2017;15.09
28.06.2017;15.25
29.06.2017;15.01
30.06.2017;15.04
03.07.2017;15.16
04.07.2017;15.05
05.07.2017;15.06
06.07.2017;15.09
07.07.2017;14.84
10.07.2017;14.69
11.07.2017;14.54
12.07.2017;14.59
13.07.2017;14.75
14.07.2017;14.78
17.07.2017;14.98
18.07.2017;14.81
19.07.2017;14.85
20.07.2017;15.06
21.07.2017;14.93
24.07.2017;14.83
25.07.2017;14.96
26.07.2017;15.26
27.07.2017;15.18
28.07.2017;14.98
31.07.2017;15.03
01.08.2017;14.74
02.08.2017;14.90
03.08.2017;14.96
04.08.2017;15.09
07.08.2017;15.36
08.08.2017;15.33
09.08.2017;15.65
10.08.2017;15.86
11.08.2017;16.14
14.08.2017;15.85
15.08.2017;15.79
16.08.2017;16.20
17.08.2017;16.20
18.08.2017;16.28
21.08.2017;16.24
22.08.2017;16.31
23.08.2017;16.50
24.08.2017;16.43
25.08.2017;16.39
29.08.2017;16.60
30.08.2017;16.64
31.08.2017;16.49
01.09.2017;16.51
04.09.2017;16.54
05.09.2017;16.96
06.09.2017;16.95
07.09.2017;16.86
08.09.2017;16.91
11.09.2017;17.26
12.09.2017;17.24
13.09.2017;17.44
14.09.2017;17.65
15.09.2017;17.31
18.09.2017;17.19
19.09.2017;17.23
20.09.2017;16.99
21.09.2017;16.89
22.09.2017;16.79
25.09.2017;17.51
26.09.2017;17.46
27.09.2017;17.53
28.09.2017;17.63
29.09.2017;16.91
02.10.2017;17.71
03.10.2017;17.98
04.10.2017;18.04
05.10.2017;18.19
06.10.2017;18.24
09.10.2017;18.28
10.10.2017;18.16
11.10.2017;18.11
12.10.2017;17.96
13.10.2017;18.08
16.10.2017;18.19
17.10.2017;18.21
18.10.2017;18.40
19.10.2017;18.21
20.10.2017;17.84
23.10.2017;17.80
24.10.2017;17.69
25.10.2017;17.84
26.10.2017;17.74
27.10.2017;17.78
30.10.2017;17.76
31.10.2017;18.09
01.11.2017;18.59
02.11.2017;18.56
03.11.2017;18.35
06.11.2017;18.99
07.11.2017;19.31
08.11.2017;19.38
09.11.2017;19.48
10.11.2017;19.81
13.11.2017;19.84
14.11.2017;19.23
15.11.2017;19.10
16.11.2017;19.18
17.11.2017;18.94
20.11.2017;19.49
21.11.2017;19.83
22.11.2017;19.69
23.11.2017;20.14
24.11.2017;20.44
27.11.2017;20.73
28.11.2017;20.30
29.11.2017;20.43
30.11.2017;20.45
01.12.2017;20.83
04.12.2017;21.53
05.12.2017;21.56
06.12.2017;21.29
07.12.2017;21.34
08.12.2017;20.84
11.12.2017;21.25
12.12.2017;21.78
13.12.2017;20.74
14.12.2017;21.16
15.12.2017;21.13
18.12.2017;20.54
19.12.2017;20.05
20.12.2017;20.39
21.12.2017;20.08
22.12.2017;19.78
27.12.2017;19.29
28.12.2017;19.88
29.12.2017;19.78
02.01.2018;19.44
03.01.2018;19.43
04.01.2018;19.31
05.01.2018;18.96
08.01.2018;19.15
09.01.2018;19.54
10.01.2018;19.41
11.01.2018;19.38
12.01.2018;19.88
15.01.2018;19.20
16.01.2018;19.01
17.01.2018;18.53
18.01.2018;18.45
19.01.2018;18.31
22.01.2018;18.68
23.01.2018;18.30
24.01.2018;17.90
25.01.2018;17.90
26.01.2018;17.85
29.01.2018;17.48
30.01.2018;17.48
31.01.2018;18.05
01.02.2018;18.24
02.02.2018;18.24
05.02.2018;17.65
06.02.2018;18.01
07.02.2018;18.24
08.02.2018;17.79
09.02.2018;17.91
12.02.2018;18.04
13.02.2018;18.40
14.02.2018;18.11
15.02.2018;17.86
16.02.2018;18.36
19.02.2018;19.25
20.02.2018;19.86
21.02.2018;19.85
22.02.2018;20.10
23.02.2018;20.58
26.02.2018;18.83
27.02.2018;19.26
28.02.2018;20.15
01.03.2018;17.76
02.03.2018;17.88
05.03.2018;17.63
06.03.2018;17.76
07.03.2018;17.91
08.03.2018;18.40
09.03.2018;19.00
12.03.2018;19.71
13.03.2018;19.56
14.03.2018;18.71
15.03.2018;18.94
16.03.2018;18.74
19.03.2018;18.83
20.03.2018;19.24
21.03.2018;19.54
22.03.2018;18.89
23.03.2018;18.54
26.03.2018;18.14
27.03.2018;18.54
28.03.2018;18.45
29.03.2018;18.80
03.04.2018;18.11
04.04.2018;18.25
05.04.2018;18.21
06.04.2018;18.29
09.04.2018;18.76
10.04.2018;18.96
11.04.2018;19.29
12.04.2018;19.34
13.04.2018;19.68
16.04.2018;19.45
17.04.2018;19.10
18.04.2018;19.39
19.04.2018;20.03
20.04.2018;19.89
23.04.2018;19.93
24.04.2018;19.76
25.04.2018;20.04
26.04.2018;20.21
27.04.2018;20.35
30.04.2018;20.70
01.05.2018;20.18
02.05.2018;19.96
03.05.2018;20.08
04.05.2018;20.51
08.05.2018;20.63
09.05.2018;20.96
10.05.2018;21.18
11.05.2018;21.39
14.05.2018;21.71
15.05.2018;21.56
16.05.2018;21.79
17.05.2018;22.43
18.05.2018;22.15
21.05.2018;22.45
22.05.2018;22.95
23.05.2018;22.83
24.05.2018;22.74
25.05.2018;21.83
29.05.2018;22.65
30.05.2018;23.05
31.05.2018;22.41
01.06.2018;21.88
04.06.2018;21.96
05.06.2018;21.49
06.06.2018;21.45
07.06.2018;21.75
08.06.2018;21.61
11.06.2018;21.51
12.06.2018;21.88
13.06.2018;22.44
14.06.2018;22.35
15.06.2018;21.78
18.06.2018;22.21
19.06.2018;21.75
20.06.2018;21.63
21.06.2018;21.64
22.06.2018;21.74
25.06.2018;21.60
26.06.2018;21.63
27.06.2018;22.09
28.06.2018;22.01
29.06.2018;21.93
02.07.2018;22.33
03.07.2018;22.30
04.07.2018;22.41
05.07.2018;22.68
06.07.2018;22.43
09.07.2018;22.80
10.07.2018;22.84
11.07.2018;22.55
12.07.2018;22.05
13.07.2018;22.38
16.07.2018;22.01
17.07.2018;21.96
18.07.2018;22.13
19.07.2018;22.14
20.07.2018;21.95
23.07.2018;22.18
24.07.2018;22.16
25.07.2018;22.26
26.07.2018;22.26
27.07.2018;22.01
30.07.2018;22.16
31.07.2018;22.09
01.08.2018;21.99
02.08.2018;22.09
03.08.2018;22.35
06.08.2018;22.56
07.08.2018;22.70
08.08.2018;22.65
09.08.2018;22.76
10.08.2018;23.04
13.08.2018;23.64
14.08.2018;23.74
15.08.2018;23.58
16.08.2018;24.03
17.08.2018;24.26
20.08.2018;24.25
21.08.2018;24.43
22.08.2018;24.58
23.08.2018;24.90
24.08.2018;25.05
28.08.2018;25.54
29.08.2018;26.16
30.08.2018;26.04
31.08.2018;25.96
03.09.2018;26.41
04.09.2018;26.78
05.09.2018;27.14
06.09.2018;27.59
07.09.2018;28.19
10.09.2018;29.18
11.09.2018;28.68
12.09.2018;27.54
13.09.2018;26.69
14.09.2018;27.40
17.09.2018;27.86
18.09.2018;27.40
19.09.2018;28.50
20.09.2018;28.20
21.09.2018;28.73
24.09.2018;29.33
25.09.2018;29.20
26.09.2018;28.21
27.09.2018;27.55
28.09.2018;27.10
01.10.2018;27.85
02.10.2018;27.24
03.10.2018;27.26
04.10.2018;27.79
05.10.2018;28.08
08.10.2018;27.38
09.10.2018;26.80
10.10.2018;26.33
11.10.2018;26.03
12.10.2018;26.60
15.10.2018;26.51
16.10.2018;26.28
17.10.2018;26.31
18.10.2018;26.03
19.10.2018;26.93
22.10.2018;26.11
23.10.2018;25.68
24.10.2018;25.41
25.10.2018;24.86
26.10.2018;24.25
29.10.2018;24.49
30.10.2018;23.90
31.10.2018;23.46
01.11.2018;23.83
02.11.2018;24.41
05.11.2018;23.83
06.11.2018;23.89
07.11.2018;24.59
08.11.2018;24.43
09.11.2018;24.50
12.11.2018;25.93
13.11.2018;26.54
14.11.2018;26.56
15.11.2018;26.55
16.11.2018;25.78
19.11.2018;24.29
20.11.2018;24.51
21.11.2018;24.58
22.11.2018;24.71
23.11.2018;24.90
26.11.2018;24.64
27.11.2018;25.18
28.11.2018;24.35
29.11.2018;24.68
30.11.2018;24.43
03.12.2018;24.96
04.12.2018;24.49
05.12.2018;23.76
06.12.2018;23.21
07.12.2018;23.35
10.12.2018;23.29
11.12.2018;23.64
12.12.2018;24.06
13.12.2018;24.25
14.12.2018;24.61
17.12.2018;24.65
18.12.2018;23.89
19.12.2018;24.43
20.12.2018;24.65
21.12.2018;24.91
24.12.2018;24.34
27.12.2018;23.43
28.12.2018;22.78
31.12.2018;21.80
02.01.2019;22.61
03.01.2019;22.23
04.01.2019;22.84
07.01.2019;21.46
08.01.2019;22.30
09.01.2019;21.80
10.01.2019;22.01
11.01.2019;22.30
14.01.2019;21.78
15.01.2019;21.96
16.01.2019;22.18
17.01.2019;22.95
18.01.2019;22.61
21.01.2019;21.93
22.01.2019;21.84
23.01.2019;22.19
24.01.2019;21.43
25.01.2019;21.08
28.01.2019;20.63
29.01.2019;20.68
30.01.2019;20.28
31.01.2019;20.01
01.02.2019;19.33
04.02.2019;19.30
05.02.2019;19.01
06.02.2019;19.04
07.02.2019;18.86
08.02.2019;18.40
11.02.2019;18.19
12.02.2019;17.70
13.02.2019;18.14
14.02.2019;17.88
15.02.2019;18.19
18.02.2019;17.50
19.02.2019;17.89
20.02.2019;18.13
21.02.2019;17.58
22.02.2019;17.21
25.02.2019;17.04
26.02.2019;17.16
27.02.2019;17.74
28.02.2019;17.75
01.03.2019;17.39
04.03.2019;17.51
05.03.2019;17.31
06.03.2019;16.95
07.03.2019;16.95
08.03.2019;16.85
11.03.2019;16.68
12.03.2019;16.18
13.03.2019;15.81
14.03.2019;15.70
15.03.2019;15.28
18.03.2019;15.25
19.03.2019;15.08
20.03.2019;15.29
21.03.2019;14.69
22.03.2019;14.51
25.03.2019;14.26
26.03.2019;14.56
27.03.2019;14.99
28.03.2019;14.39
29.03.2019;14.38
01.04.2019;13.94
02.04.2019;13.55
03.04.2019;14.23
04.04.2019;14.83
05.04.2019;16.56
08.04.2019;15.84
09.04.2019;16.66
10.04.2019;15.91
11.04.2019;16.23
12.04.2019;15.90
15.04.2019;14.98
16.04.2019;15.04
17.04.2019;15.35
18.04.2019;14.51
23.04.2019;14.50
24.04.2019;14.28
25.04.2019;14.70
26.04.2019;14.20
29.04.2019;14.49
30.04.2019;14.50
01.05.2019;14.16
02.05.2019;14.55
03.05.2019;14.63
07.05.2019;14.23
08.05.2019;14.49
09.05.2019;14.45
10.05.2019;14.15
13.05.2019;13.76
14.05.2019;13.93
15.05.2019;13.83
16.05.2019;13.24
17.05.2019;12.96
20.05.2019;13.03
21.05.2019;12.69
22.05.2019;12.80
23.05.2019;12.51
24.05.2019;12.36
28.05.2019;12.49
29.05.2019;12.20
30.05.2019;11.51
31.05.2019;10.64
03.06.2019;11.13
04.06.2019;11.84
05.06.2019;11.44
06.06.2019;11.14
07.06.2019;11.64
10.06.2019;11.89
11.06.2019;11.31
12.06.2019;11.30
13.06.2019;11.45
14.06.2019;11.55
17.06.2019;11.55
18.06.2019;11.04
19.06.2019;10.55
20.06.2019;10.23
21.06.2019;10.46
24.06.2019;10.11
25.06.2019;9.89
26.06.2019;9.80
27.06.2019;9.26
28.06.2019;9.41
01.07.2019;10.43
02.07.2019;10.34
03.07.2019;10.41
04.07.2019;10.59
05.07.2019;11.38
08.07.2019;12.06
09.07.2019;11.38
10.07.2019;12.38
11.07.2019;12.96
12.07.2019;13.48
15.07.2019;12.64
16.07.2019;11.30
17.07.2019;11.18
18.07.2019;10.69
19.07.2019;10.75
22.07.2019;10.26
23.07.2019;10.71
24.07.2019;10.19
25.07.2019;10.03
26.07.2019;10.05
29.07.2019;9.80
30.07.2019;9.96
31.07.2019;10.19
01.08.2019;12.49
02.08.2019;11.99
05.08.2019;11.48
06.08.2019;10.98
07.08.2019;11.45
08.08.2019;12.29
09.08.2019;11.78
12.08.2019;11.40
13.08.2019;11.81
14.08.2019;11.29
15.08.2019;11.16
16.08.2019;11.05
19.08.2019;10.85
20.08.2019;11.35
21.08.2019;11.40
22.08.2019;11.06
23.08.2019;10.58
27.08.2019;10.23
28.08.2019;10.35
29.08.2019;10.76
30.08.2019;9.78
02.09.2019;12.09
03.09.2019;12.14
04.09.2019;12.00
05.09.2019;12.41
06.09.2019;12.41
09.09.2019;12.39
10.09.2019;14.76
11.09.2019;13.91
12.09.2019;14.59
13.09.2019;14.65
16.09.2019;15.34
17.09.2019;13.48
18.09.2019;12.75
19.09.2019;12.41
20.09.2019;12.76
23.09.2019;12.23
24.09.2019;12.44
25.09.2019;12.05
26.09.2019;12.15
27.09.2019;11.99
30.09.2019;11.24
01.10.2019;16.61
02.10.2019;16.06
03.10.2019;16.09
04.10.2019;15.79
07.10.2019;15.51
08.10.2019;15.71
09.10.2019;15.76
10.10.2019;15.86
11.10.2019;16.08
14.10.2019;16.09
15.10.2019;16.11
16.10.2019;16.15
17.10.2019;16.03
18.10.2019;15.94
21.10.2019;15.61
22.10.2019;15.66
23.10.2019;15.45
24.10.2019;15.70
25.10.2019;15.25
28.10.2019;14.51
29.10.2019;13.91
30.10.2019;13.86
31.10.2019;13.29
01.11.2019;16.41
04.11.2019;16.74
05.11.2019;16.80
06.11.2019;16.29
07.11.2019;16.24
08.11.2019;15.98
11.11.2019;15.93
12.11.2019;15.65
13.11.2019;15.48
14.11.2019;15.63
15.11.2019;15.81
18.11.2019;15.29
19.11.2019;15.38
20.11.2019;15.64
21.11.2019;15.78
22.11.2019;16.19
25.11.2019;16.36
26.11.2019;15.96
27.11.2019;16.11
28.11.2019;15.70
29.11.2019;15.65
02.12.2019;15.94
03.12.2019;15.90
04.12.2019;15.94
05.12.2019;15.41
06.12.2019;15.16
09.12.2019;14.89
10.12.2019;14.49
11.12.2019;14.09
12.12.2019;14.83
13.12.2019;13.80
16.12.2019;13.95
17.12.2019;14.56
18.12.2019;15.11
19.12.2019;15.08
20.12.2019;14.24
23.12.2019;13.10
24.12.2019;12.70
27.12.2019;12.94
30.12.2019;12.33
31.12.2019;11.94
02.01.2020;12.14
03.01.2020;13.04
06.01.2020;12.38
07.01.2020;11.95
08.01.2020;12.03
09.01.2020;12.16
10.01.2020;12.04
13.01.2020;12.14
14.01.2020;11.40
15.01.2020;11.39
16.01.2020;11.19
17.01.2020;11.04
20.01.2020;10.65
21.01.2020;10.88
22.01.2020;10.45
23.01.2020;10.51
24.01.2020;10.56
27.01.2020;10.59
28.01.2020;10.86
29.01.2020;10.14
30.01.2020;9.86
31.01.2020;9.79
03.02.2020;9.28
04.02.2020;9.50
05.02.2020;9.39
06.02.2020;9.26
07.02.2020;9.16
10.02.2020;8.69
11.02.2020;8.66
12.02.2020;8.86
13.02.2020;8.90
14.02.2020;9.04
17.02.2020;9.43
18.02.2020;9.38
19.02.2020;9.68
20.02.2020;9.68
21.02.2020;9.45
24.02.2020;9.09
25.02.2020;9.01
26.02.2020;9.16
27.02.2020;8.93
28.02.2020;9.06
02.03.2020;9.09
03.03.2020;9.10
04.03.2020;8.96
05.03.2020;8.94
06.03.2020;8.68
09.03.2020;8.63
10.03.2020;9.09
11.03.2020;9.40
12.03.2020;9.29
13.03.2020;9.28
16.03.2020;8.76
17.03.2020;8.53
18.03.2020;8.28
19.03.2020;8.59
20.03.2020;8.33
23.03.2020;7.95
24.03.2020;7.98
25.03.2020;7.88
26.03.2020;7.58
27.03.2020;7.25
30.03.2020;6.85
31.03.2020;6.96
01.04.2020;6.93
02.04.2020;6.93
03.04.2020;6.99
06.04.2020;7.25
07.04.2020;7.39
08.04.2020;7.35
09.04.2020;7.38
14.04.2020;6.90
15.04.2020;6.75
16.04.2020;7.08
17.04.2020;7.03
20.04.2020;6.69
21.04.2020;6.44
22.04.2020;6.25
23.04.2020;6.11
24.04.2020;5.88
27.04.2020;6.08
28.04.2020;6.24
29.04.2020;6.00
30.04.2020;5.86
01.05.2020;5.85
04.05.2020;5.86
05.05.2020;5.75
06.05.2020;5.88
07.05.2020;5.81
11.05.2020;5.76
12.05.2020;5.38
13.05.2020;5.25
14.05.2020;5.35
15.05.2020;5.26
18.05.2020;4.98
19.05.2020;4.73
20.05.2020;4.51
21.05.2020;4.00
22.05.2020;4.18
26.05.2020;4.18
27.05.2020;3.70
28.05.2020;3.64
29.05.2020;3.84
01.06.2020;4.23
02.06.2020;4.96
03.06.2020;5.51
04.06.2020;5.29
05.06.2020;5.66
08.06.2020;5.35
09.06.2020;5.03
10.06.2020;4.94
11.06.2020;5.15
12.06.2020;5.31
15.06.2020;5.49
16.06.2020;5.28
17.06.2020;5.35
18.06.2020;5.55
19.06.2020;5.79
22.06.2020;5.55
23.06.2020;5.90
24.06.2020;5.80
25.06.2020;5.38
26.06.2020;5.30
29.06.2020;5.91
30.06.2020;5.85
01.07.2020;5.89
02.07.2020;5.96
03.07.2020;6.08
06.07.2020;6.16
07.07.2020;6.28
08.07.2020;5.95
09.07.2020;5.83
10.07.2020;5.54
13.07.2020;5.21
14.07.2020;5.24
15.07.2020;5.34
16.07.2020;5.06
17.07.2020;5.20
20.07.2020;4.81
21.07.2020;4.88
22.07.2020;5.00
23.07.2020;5.09
24.07.2020;4.99
27.07.2020;4.85
28.07.2020;5.05
29.07.2020;5.26
30.07.2020;5.14
31.07.2020;5.29
03.08.2020;7.08
04.08.2020;7.19
05.08.2020;7.33
06.08.2020;7.95
07.08.2020;8.00
10.08.2020;7.63
11.08.2020;7.51
12.08.2020;7.28
13.08.2020;7.51
14.08.2020;8.31
17.08.2020;8.21
18.08.2020;8.79
19.08.2020;8.44
20.08.2020;8.19
21.08.2020;7.66
24.08.2020;8.49
25.08.2020;9.05
26.08.2020;9.33
27.08.2020;9.14
28.08.2020;10.00
01.09.2020;11.39
02.09.2020;11.13
03.09.2020;11.86
04.09.2020;11.85
07.09.2020;11.31
08.09.2020;10.94
09.09.2020;10.85
10.09.2020;10.59
11.09.2020;10.56
14.09.2020;10.81
15.09.2020;11.01
16.09.2020;11.53
17.09.2020;11.24
18.09.2020;11.49
21.09.2020;11.55
22.09.2020;11.79
23.09.2020;12.03
24.09.2020;11.73
25.09.2020;11.76
28.09.2020;12.45
29.09.2020;12.19
30.09.2020;12.29
01.10.2020;13.21
02.10.2020;13.09
05.10.2020;13.58
06.10.2020;13.30
07.10.2020;13.83
08.10.2020;14.05
09.10.2020;13.90
12.10.2020;13.93
13.10.2020;13.58
14.10.2020;14.08
15.10.2020;14.35
16.10.2020;14.55
19.10.2020;14.91
20.10.2020;14.94
21.10.2020;14.93
22.10.2020;15.39
23.10.2020;15.48
26.10.2020;14.81
27.10.2020;14.90
28.10.2020;14.48
29.10.2020;14.30
30.10.2020;13.90
02.11.2020;13.69
03.11.2020;13.83
04.11.2020;14.05
05.11.2020;14.48
06.11.2020;13.98
09.11.2020;13.94
10.11.2020;14.18
11.11.2020;14.21
12.11.2020;14.13
13.11.2020;14.41
16.11.2020;14.50
17.11.2020;14.00
18.11.2020;13.68
19.11.2020;13.09
20.11.2020;13.00
23.11.2020;13.70
24.11.2020;13.99
25.11.2020;13.88
26.11.2020;14.15
27.11.2020;14.55
30.11.2020;15.18
01.12.2020;14.89
02.12.2020;15.04
03.12.2020;14.18
04.12.2020;14.65
07.12.2020;14.33
08.12.2020;14.46
09.12.2020;14.78
10.12.2020;15.65
11.12.2020;16.00
14.12.2020;16.71
15.12.2020;17.33
16.12.2020;16.31
17.12.2020;15.99
18.12.2020;15.88
21.12.2020;16.88
22.12.2020;17.68
23.12.2020;17.48
24.12.2020;17.89
29.12.2020;19.10
30.12.2020;18.93
31.12.2020;19.28
04.01.2021;19.84
05.01.2021;18.01
06.01.2021;17.69
07.01.2021;19.50
08.01.2021;20.46
11.01.2021;22.41
12.01.2021;26.56
13.01.2021;21.68
14.01.2021;21.15
15.01.2021;20.04
18.01.2021;19.00
19.01.2021;20.44
20.01.2021;20.03
21.01.2021;19.99
22.01.2021;21.66
25.01.2021;20.20
26.01.2021;19.63
27.01.2021;19.71
28.01.2021;21.06
29.01.2021;20.20
01.02.2021;18.09
02.02.2021;18.21
03.02.2021;17.93
04.02.2021;18.04
05.02.2021;18.41
08.02.2021;19.76
09.02.2021;19.23
10.02.2021;18.59
11.02.2021;17.55
12.02.2021;17.66
15.02.2021;16.61
16.02.2021;16.84
17.02.2021;16.51
18.02.2021;17.28
19.02.2021;16.58
22.02.2021;15.96
23.02.2021;16.44
24.02.2021;16.44
25.02.2021;15.90
26.02.2021;15.80
01.03.2021;16.23
02.03.2021;15.86
03.03.2021;15.60
04.03.2021;16.01
05.03.2021;16.49
08.03.2021;16.28
09.03.2021;17.06
10.03.2021;17.71
11.03.2021;18.16
12.03.2021;18.45
15.03.2021;18.08
16.03.2021;17.53
17.03.2021;18.19
18.03.2021;17.68
19.03.2021;17.36
22.03.2021;18.15
23.03.2021;18.39
24.03.2021;18.53
25.03.2021;18.38
26.03.2021;18.81
29.03.2021;18.49
30.03.2021;18.88
31.03.2021;19.13
01.04.2021;19.14
06.04.2021;19.84
07.04.2021;19.31
08.04.2021;19.09
09.04.2021;19.06
12.04.2021;19.84
13.04.2021;19.60
14.04.2021;19.78
15.04.2021;20.45
16.04.2021;20.65
19.04.2021;21.11
20.04.2021;21.13
21.04.2021;21.24
22.04.2021;21.38
23.04.2021;19.95
26.04.2021;20.21
27.04.2021;21.58
28.04.2021;21.63
29.04.2021;22.44
30.04.2021;23.39
04.05.2021;23.20
05.05.2021;24.03
06.05.2021;24.40
07.05.2021;24.14
10.05.2021;25.09
11.05.2021;25.83
12.05.2021;26.15
13.05.2021;26.14
14.05.2021;26.84
17.05.2021;26.15
18.05.2021;24.75
19.05.2021;22.65
20.05.2021;24.68
21.05.2021;24.74
24.05.2021;24.74
25.05.2021;26.35
26.05.2021;26.39
27.05.2021;25.05
28.05.2021;25.15
01.06.2021;25.96
02.06.2021;25.73
03.06.2021;25.94
04.06.2021;25.90
07.06.2021;26.65
08.06.2021;27.91
09.06.2021;28.18
10.06.2021;28.28
11.06.2021;27.95
14.06.2021;28.78
15.06.2021;28.11
16.06.2021;28.29
17.06.2021;28.58
18.06.2021;29.58
21.06.2021;29.50
22.06.2021;30.90
23.06.2021;31.44
24.06.2021;32.06
25.06.2021;32.38
28.06.2021;32.35
29.06.2021;33.60
30.06.2021;34.99
01.07.2021;35.78
02.07.2021;35.85
05.07.2021;37.85
06.07.2021;33.68
07.07.2021;32.48
08.07.2021;33.88
09.07.2021;36.93
12.07.2021;34.65
13.07.2021;35.34
14.07.2021;34.23
15.07.2021;33.75
16.07.2021;35.09
19.07.2021;35.74
20.07.2021;35.35
21.07.2021;35.74
22.07.2021;35.68
23.07.2021;35.43
26.07.2021;37.08
27.07.2021;37.44
28.07.2021;39.89
29.07.2021;41.34
30.07.2021;40.65
02.08.2021;42.06
03.08.2021;41.51
04.08.2021;42.29
05.08.2021;43.10
06.08.2021;43.19
09.08.2021;43.34
10.08.2021;44.56
11.08.2021;46.55
12.08.2021;46.00
13.08.2021;44.98
16.08.2021;47.96
17.08.2021;46.78
18.08.2021;44.98
19.08.2021;40.40
20.08.2021;41.70
23.08.2021;42.48
24.08.2021;45.33
25.08.2021;45.48
26.08.2021;45.74
27.08.2021;47.85
31.08.2021;50.53
01.09.2021;49.73
02.09.2021;51.83
03.09.2021;51.58
06.09.2021;52.56
07.09.2021;54.00
08.09.2021;55.34
09.09.2021;56.63
10.09.2021;57.95
13.09.2021;61.41
14.09.2021;66.18
15.09.2021;70.09
16.09.2021;61.09
17.09.2021;65.96
20.09.2021;73.76
21.09.2021;72.90
22.09.2021;70.91
23.09.2021;68.80
24.09.2021;70.36
27.09.2021;77.11
28.09.2021;79.35
29.09.2021;84.55
30.09.2021;89.95
01.10.2021;91.75
04.10.2021;94.30
05.10.2021;116.88
06.10.2021;106.10
07.10.2021;96.60
08.10.2021;84.65
11.10.2021;83.10
12.10.2021;86.18
13.10.2021;93.36
14.10.2021;101.30
15.10.2021;88.93
18.10.2021;90.73
19.10.2021;91.48
20.10.2021;93.98
21.10.2021;87.54
22.10.2021;87.23
25.10.2021;88.25
26.10.2021;88.03
27.10.2021;86.83
28.10.2021;75.38
29.10.2021;64.40
01.11.2021;65.50
02.11.2021;70.70
03.11.2021;79.95
04.11.2021;73.93
05.11.2021;74.21
08.11.2021;78.36
09.11.2021;71.15
10.11.2021;71.44
11.11.2021;74.95
12.11.2021;74.50
15.11.2021;80.64
16.11.2021;94.60
17.11.2021;94.78
18.11.2021;93.99
19.11.2021;87.09
22.11.2021;84.78
23.11.2021;91.38
24.11.2021;93.90
25.11.2021;92.45
26.11.2021;87.53
29.11.2021;93.79
30.11.2021;91.65
01.12.2021;95.30
02.12.2021;92.40
03.12.2021;89.21
06.12.2021;89.35
07.12.2021;95.35
08.12.2021;102.15
09.12.2021;100.20
10.12.2021;104.50
13.12.2021;116.55
14.12.2021;127.55
15.12.2021;129.60
16.12.2021;135.10
17.12.2021;135.30
20.12.2021;146.56
21.12.2021;180.41
22.12.2021;166.10
23.12.2021;126.10
24.12.2021;98.86
29.12.2021;96.00
30.12.2021;84.60
31.12.2021;65.10
04.01.2022;85.30
05.01.2022;94.41
06.01.2022;97.33
07.01.2022;87.34
10.01.2022;84.56
11.01.2022;80.65
12.01.2022;75.10
13.01.2022;84.48
14.01.2022;84.50
17.01.2022;75.73
18.01.2022;79.96
19.01.2022;74.28
20.01.2022;75.73
21.01.2022;79.90
24.01.2022;91.15
25.01.2022;91.70
26.01.2022;90.60
27.01.2022;90.35
28.01.2022;91.15
31.01.2022;84.13
